[{"description":"Commune","zipCode":1070,"Name_Fr":"Anderlecht","Name_En":"Anderlecht","Name_Nd":"Anderlecht"},{"description":"Commune","zipCode":1000,"Name_Fr":"Bruxelles","Name_En":"Brussels","Name_Nd":"Brussels"},{"description":"Commune","zipCode":1050,"Name_Fr":"Ixelles","Name_En":"Ixelles","Name_Nd":"Ixelles"},{"description":"Commune","zipCode":1040,"Name_Fr":"Etterbeek","Name_En":"Etterbeek","Name_Nd":"Etterbeek"},{"description":"Commune","zipCode":1140,"Name_Fr":"Evere","Name_En":"Evere","Name_Nd":"Evere"},{"description":"Commune","zipCode":1083,"Name_Fr":"Ganshoren","Name_En":"Ganshoren","Name_Nd":"Ganshoren"},{"description":"Commune","zipCode":1090,"Name_Fr":"Jette","Name_En":"Jette","Name_Nd":"Jette"},{"description":"Commune","zipCode":1081,"Name_Fr":"Koekelberg","Name_En":"Koekelberg","Name_Nd":"Koekelberg"},{"description":"Commune","zipCode":1160,"Name_Fr":"Auderghem","Name_En":"Auderghem","Name_Nd":"Auderghem"},{"description":"Commune","zipCode":1030,"Name_Fr":"Schaerbeek","Name_En":"Schaerbeek","Name_Nd":"Schaerbeek"},{"description":"Commune","zipCode":1082,"Name_Fr":"Berchem-Sainte-Agathe","Name_En":"Sint-Agatha-Berchem","Name_Nd":"Sint-Agatha-Berchem"},{"description":"Commune","zipCode":9170,"Name_Fr":"Saint-Gilles","Name_En":"Saint-Gilles","Name_Nd":"Saint-Gilles"},{"description":"Commune","zipCode":1080,"Name_Fr":"Molenbeek-Saint-Jean","Name_En":"Sint-Jans-Molenbeek","Name_Nd":"Sint-Jans-Molenbeek"},{"description":"Commune","zipCode":1210,"Name_Fr":"Saint-Josse-ten-Noode","Name_En":"Saint-Josse-ten-Noode","Name_Nd":"Saint-Josse-ten-Noode"},{"description":"Commune","zipCode":1200,"Name_Fr":"Woluwe-Saint-Lambert","Name_En":"Woluwe-Saint-Lambert","Name_Nd":"Woluwe-Saint-Lambert"},{"description":"Commune","zipCode":1150,"Name_Fr":"Woluwe-Saint-Pierre","Name_En":"Woluwe-Saint-Pierre","Name_Nd":"Woluwe-Saint-Pierre"},{"description":"Commune","zipCode":1180,"Name_Fr":"Uccle","Name_En":"Uccle","Name_Nd":"Uccle"},{"description":"Commune","zipCode":1190,"Name_Fr":"Forest","Name_En":"Forest County","Name_Nd":"Forest County"},{"description":"Commune","zipCode":1170,"Name_Fr":"Watermael-Boitsfort","Name_En":"Watermael-Boitsfort","Name_Nd":"Watermael-Boitsfort"},{"description":"Gemeente","zipCode":2630,"Name_Fr":"Aartselaar","Name_En":"Aartselaar","Name_Nd":"Aartselaar"},{"description":"Gemeente","zipCode":2000,"Name_Fr":"Anvers","Name_En":"Antwerp","Name_Nd":"Antwerp"},{"description":"Gemeente","zipCode":2530,"Name_Fr":"Boechout","Name_En":"Boechout","Name_Nd":"Boechout"},{"description":"Gemeente","zipCode":2850,"Name_Fr":"Boom","Name_En":"Boom","Name_Nd":"Boom"},{"description":"Gemeente","zipCode":2150,"Name_Fr":"Borsbeek","Name_En":"Borsbeek","Name_Nd":"Borsbeek"},{"description":"Gemeente","zipCode":2930,"Name_Fr":"Brasschaat","Name_En":"Brasschaat","Name_Nd":"Brasschaat"},{"description":"Gemeente","zipCode":2960,"Name_Fr":"Brecht","Name_En":"Brecht","Name_Nd":"Brecht"},{"description":"Gemeente","zipCode":2650,"Name_Fr":"Edegem","Name_En":"Edegem","Name_Nd":"Edegem"},{"description":"Gemeente","zipCode":2910,"Name_Fr":"Essen","Name_En":"Essen","Name_Nd":"Essen"},{"description":"Gemeente","zipCode":2620,"Name_Fr":"Hemiksem","Name_En":"Hemiksem","Name_Nd":"Hemiksem"},{"description":"Gemeente","zipCode":2540,"Name_Fr":"Hove","Name_En":"Hove","Name_Nd":"Hove"},{"description":"Gemeente","zipCode":2920,"Name_Fr":"Kalmthout","Name_En":"Kalmthout","Name_Nd":"Kalmthout"},{"description":"Gemeente","zipCode":2950,"Name_Fr":"Kapellen","Name_En":"Kapellen","Name_Nd":"Kapellen"},{"description":"Gemeente","zipCode":2550,"Name_Fr":"Kontich","Name_En":"Kontich","Name_Nd":"Kontich"},{"description":"Gemeente","zipCode":2547,"Name_Fr":"Lint","Name_En":"Lint","Name_Nd":"Lint"},{"description":"Gemeente","zipCode":2390,"Name_Fr":"Malle","Name_En":"Malle","Name_Nd":"Malle"},{"description":"Gemeente","zipCode":2640,"Name_Fr":"Mortsel","Name_En":"Mortsel","Name_Nd":"Mortsel"},{"description":"Gemeente","zipCode":2845,"Name_Fr":"Niel","Name_En":"Niel","Name_Nd":"Niel"},{"description":"Gemeente","zipCode":2520,"Name_Fr":"Ranst","Name_En":"Ranst","Name_Nd":"Ranst"},{"description":"Gemeente","zipCode":2840,"Name_Fr":"Rumst","Name_En":"Rumst","Name_Nd":"Rumst"},{"description":"Gemeente","zipCode":2627,"Name_Fr":"Schelle","Name_En":"Schelle","Name_Nd":"Schelle"},{"description":"Gemeente","zipCode":2970,"Name_Fr":"Schilde","Name_En":"Schilde","Name_Nd":"Schilde"},{"description":"Gemeente","zipCode":2900,"Name_Fr":"Schoten","Name_En":"Schoten","Name_Nd":"Schoten"},{"description":"Gemeente","zipCode":2940,"Name_Fr":"Stabroek","Name_En":"Stabroek","Name_Nd":"Stabroek"},{"description":"Gemeente","zipCode":2110,"Name_Fr":"Wijnegem","Name_En":"Wijnegem","Name_Nd":"Wijnegem"},{"description":"Gemeente","zipCode":2160,"Name_Fr":"Wommelgem","Name_En":"Wommelgem","Name_Nd":"Wommelgem"},{"description":"Gemeente","zipCode":2990,"Name_Fr":"Wuustwezel","Name_En":"Wuustwezel","Name_Nd":"Wuustwezel"},{"description":"Gemeente","zipCode":2240,"Name_Fr":"Zandhoven","Name_En":"Zandhoven","Name_Nd":"Zandhoven"},{"description":"Gemeente","zipCode":2980,"Name_Fr":"Zoersel","Name_En":"Zoersel","Name_Nd":"Zoersel"},{"description":"Gemeente","zipCode":2070,"Name_Fr":"Zwijndrecht","Name_En":"Zwijndrecht","Name_Nd":"Zwijndrecht"},{"description":"Gemeente","zipCode":2590,"Name_Fr":"Berlaar","Name_En":"Berlaar","Name_Nd":"Berlaar"},{"description":"Gemeente","zipCode":2820,"Name_Fr":"Bonheiden","Name_En":"Bonheiden","Name_Nd":"Bonheiden"},{"description":"Gemeente","zipCode":2880,"Name_Fr":"Bornem","Name_En":"Bornem","Name_Nd":"Bornem"},{"description":"Gemeente","zipCode":2570,"Name_Fr":"Duffel","Name_En":"Duffel","Name_Nd":"Duffel"},{"description":"Gemeente","zipCode":2220,"Name_Fr":"Heist-op-den-Berg","Name_En":"Heist-op-den-Berg","Name_Nd":"Heist-op-den-Berg"},{"description":"Gemeente","zipCode":2500,"Name_Fr":"Lierre","Name_En":"Lier","Name_Nd":"Lier"},{"description":"Gemeente","zipCode":2800,"Name_Fr":"Malines","Name_En":"Mechelen","Name_Nd":"Mechelen"},{"description":"Gemeente","zipCode":2560,"Name_Fr":"Nijlen","Name_En":"Nijlen","Name_Nd":"Nijlen"},{"description":"Gemeente","zipCode":2580,"Name_Fr":"Putte","Name_En":"Putte","Name_Nd":"Putte"},{"description":"Gemeente","zipCode":2870,"Name_Fr":"Puurs","Name_En":"Puurs","Name_Nd":"Puurs"},{"description":"Gemeente","zipCode":2890,"Name_Fr":"Saint-Amand","Name_En":"Saint-Amand","Name_Nd":"Saint-Amand"},{"description":"Gemeente","zipCode":2860,"Name_Fr":"Wavre-Sainte-Catherine","Name_En":"Sint-Katelijne-Waver","Name_Nd":"Sint-Katelijne-Waver"},{"description":"Gemeente","zipCode":2830,"Name_Fr":"Willebroek","Name_En":"Willebroek","Name_Nd":"Willebroek"},{"description":"Gemeente","zipCode":2370,"Name_Fr":"Arendonk","Name_En":"Arendonk","Name_Nd":"Arendonk"},{"description":"Gemeente","zipCode":2387,"Name_Fr":"Baerle-Duc","Name_En":"Baarle-Hertog","Name_Nd":"Baarle-Hertog"},{"description":"Gemeente","zipCode":2490,"Name_Fr":"Baelen","Name_En":"Baelen","Name_Nd":"Baelen"},{"description":"Gemeente","zipCode":2340,"Name_Fr":"Beerse","Name_En":"Beerse","Name_Nd":"Beerse"},{"description":"Gemeente","zipCode":2480,"Name_Fr":"Dessel","Name_En":"Dessel","Name_Nd":"Dessel"},{"description":"Gemeente","zipCode":2440,"Name_Fr":"Geel","Name_En":"Geel","Name_Nd":"Geel"},{"description":"Gemeente","zipCode":2280,"Name_Fr":"Grobbendonk","Name_En":"Grobbendonk","Name_Nd":"Grobbendonk"},{"description":"Gemeente","zipCode":2200,"Name_Fr":"Herentals","Name_En":"Herentals","Name_Nd":"Herentals"},{"description":"Gemeente","zipCode":2270,"Name_Fr":"Herenthout","Name_En":"Herenthout","Name_Nd":"Herenthout"},{"description":"Gemeente","zipCode":2230,"Name_Fr":"Herselt","Name_En":"Herselt","Name_Nd":"Herselt"},{"description":"Gemeente","zipCode":2320,"Name_Fr":"Hoogstraten","Name_En":"Hoogstraten","Name_Nd":"Hoogstraten"},{"description":"Gemeente","zipCode":2235,"Name_Fr":"Hulshout","Name_En":"Hulshout","Name_Nd":"Hulshout"},{"description":"Gemeente","zipCode":2460,"Name_Fr":"Kasterlee","Name_En":"Kasterlee","Name_Nd":"Kasterlee"},{"description":"Gemeente","zipCode":2430,"Name_Fr":"Laakdal","Name_En":"Laakdal","Name_Nd":"Laakdal"},{"description":"Gemeente","zipCode":2275,"Name_Fr":"Lille","Name_En":"Lille","Name_Nd":"Lille"},{"description":"Gemeente","zipCode":2450,"Name_Fr":"Meerhout","Name_En":"Meerhout","Name_Nd":"Meerhout"},{"description":"Gemeente","zipCode":2330,"Name_Fr":"Merksplas","Name_En":"Merksplas","Name_Nd":"Merksplas"},{"description":"Gemeente","zipCode":2400,"Name_Fr":"Mol","Name_En":"Mol","Name_Nd":"Mol"},{"description":"Gemeente","zipCode":2250,"Name_Fr":"Olen","Name_En":"Olen","Name_Nd":"Olen"},{"description":"Gemeente","zipCode":2360,"Name_Fr":"Oud-Turnhout","Name_En":"Oud-Turnhout","Name_Nd":"Oud-Turnhout"},{"description":"Gemeente","zipCode":2380,"Name_Fr":"Ravels","Name_En":"Ravels","Name_Nd":"Ravels"},{"description":"Gemeente","zipCode":2470,"Name_Fr":"Retie","Name_En":"Retie","Name_Nd":"Retie"},{"description":"Gemeente","zipCode":2310,"Name_Fr":"Rijkevorsel","Name_En":"Rijkevorsel","Name_Nd":"Rijkevorsel"},{"description":"Gemeente","zipCode":2300,"Name_Fr":"Turnhout","Name_En":"Turnhout","Name_Nd":"Turnhout"},{"description":"Gemeente","zipCode":2290,"Name_Fr":"Vorselaar","Name_En":"Vorselaar","Name_Nd":"Vorselaar"},{"description":"Gemeente","zipCode":2350,"Name_Fr":"Vosselaar","Name_En":"Vosselaar","Name_Nd":"Vosselaar"},{"description":"Gemeente","zipCode":2260,"Name_Fr":"Westerlo","Name_En":"Westerlo","Name_Nd":"Westerlo"},{"description":"Gemeente","zipCode":3665,"Name_Fr":"Samoa américaines","Name_En":"American Samoa","Name_Nd":"American Samoa"},{"description":"Gemeente","zipCode":3580,"Name_Fr":"Beringen","Name_En":"Beringen","Name_Nd":"Beringen"},{"description":"Gemeente","zipCode":3590,"Name_Fr":"Diepenbeek","Name_En":"Diepenbeek","Name_Nd":"Diepenbeek"},{"description":"Gemeente","zipCode":3600,"Name_Fr":"Genk","Name_En":"20","Name_Nd":"20"},{"description":"Gemeente","zipCode":3545,"Name_Fr":"Halen","Name_En":"Halen","Name_Nd":"Halen"},{"description":"Gemeente","zipCode":3945,"Name_Fr":"Ham","Name_En":"Hama","Name_Nd":"Hama"},{"description":"Gemeente","zipCode":3500,"Name_Fr":"Hasselt","Name_En":"Hasselt","Name_Nd":"Hasselt"},{"description":"Gemeente","zipCode":3540,"Name_Fr":"Herck-la-Ville","Name_En":"Herk-de-Stad","Name_Nd":"Herk-de-Stad"},{"description":"Gemeente","zipCode":3550,"Name_Fr":"Heusden-Zolder","Name_En":"Heusden-Zolder","Name_Nd":"Heusden-Zolder"},{"description":"Gemeente","zipCode":3970,"Name_Fr":"Bourg-Léopold","Name_En":"Leopoldsburg","Name_Nd":"Leopoldsburg"},{"description":"Gemeente","zipCode":3560,"Name_Fr":"Lummen","Name_En":"Lummen","Name_Nd":"Lummen"},{"description":"Gemeente","zipCode":3850,"Name_Fr":"Nieuwerkerken","Name_En":"Nieuwerkerken","Name_Nd":"Nieuwerkerken"},{"description":"Gemeente","zipCode":3660,"Name_Fr":"Opglabbeek","Name_En":"Opglabbeek","Name_Nd":"Opglabbeek"},{"description":"Gemeente","zipCode":3800,"Name_Fr":"Saint-Trond","Name_En":"Sint-Truiden","Name_Nd":"Sint-Truiden"},{"description":"Gemeente","zipCode":3980,"Name_Fr":"Tessenderlo","Name_En":"Tessenderlo","Name_Nd":"Tessenderlo"},{"description":"Gemeente","zipCode":3520,"Name_Fr":"Zonhoven","Name_En":"Zonhoven","Name_Nd":"Zonhoven"},{"description":"Gemeente","zipCode":3690,"Name_Fr":"Zutendaal","Name_En":"Zutendaal","Name_Nd":"Zutendaal"},{"description":"Gemeente","zipCode":3950,"Name_Fr":"Bocholt","Name_En":"Bocholt","Name_Nd":"Bocholt"},{"description":"Gemeente","zipCode":3960,"Name_Fr":"Brée","Name_En":"Bree","Name_Nd":"Bree"},{"description":"Gemeente","zipCode":3650,"Name_Fr":"Dilsen-Stokkem","Name_En":"Dilsen-Stokkem","Name_Nd":"Dilsen-Stokkem"},{"description":"Gemeente","zipCode":3930,"Name_Fr":"Hamont-Achel","Name_En":"Hamont-Achel","Name_Nd":"Hamont-Achel"},{"description":"Gemeente","zipCode":3940,"Name_Fr":"Hechtel-Eksel","Name_En":"Hechtel-Eksel","Name_Nd":"Hechtel-Eksel"},{"description":"Gemeente","zipCode":3530,"Name_Fr":"Houthalen-Helchteren","Name_En":"Houthalen-Helchteren","Name_Nd":"Houthalen-Helchteren"},{"description":"Gemeente","zipCode":3640,"Name_Fr":"Kinrooi","Name_En":"Kinrooi","Name_Nd":"Kinrooi"},{"description":"Gemeente","zipCode":3920,"Name_Fr":"Lommel","Name_En":"Lommel","Name_Nd":"Lommel"},{"description":"Gemeente","zipCode":3680,"Name_Fr":"Maaseik","Name_En":"Maaseik","Name_Nd":"Maaseik"},{"description":"Gemeente","zipCode":3670,"Name_Fr":"Meeuwen-Gruitrode","Name_En":"Meeuwen-Gruitrode","Name_Nd":"Meeuwen-Gruitrode"},{"description":"Gemeente","zipCode":3910,"Name_Fr":"Neerpelt","Name_En":"Neerpelt","Name_Nd":"Neerpelt"},{"description":"Gemeente","zipCode":3900,"Name_Fr":"Overpelt","Name_En":"Overpelt","Name_Nd":"Overpelt"},{"description":"Gemeente","zipCode":3990,"Name_Fr":"Peer","Name_En":"Peer","Name_Nd":"Peer"},{"description":"Gemeente","zipCode":3570,"Name_Fr":"Alken","Name_En":"Alken","Name_Nd":"Alken"},{"description":"Gemeente","zipCode":3740,"Name_Fr":"Bilzen","Name_En":"Bilzen","Name_Nd":"Bilzen"},{"description":"Gemeente","zipCode":3840,"Name_Fr":"Looz","Name_En":"Borgloon","Name_Nd":"Borgloon"},{"description":"Gemeente","zipCode":3870,"Name_Fr":"Heers","Name_En":"Heers","Name_Nd":"Heers"},{"description":"Gemeente","zipCode":3717,"Name_Fr":"Herstappe","Name_En":"Herstappe","Name_Nd":"Herstappe"},{"description":"Gemeente","zipCode":3730,"Name_Fr":"Hoeselt","Name_En":"Hoeselt","Name_Nd":"Hoeselt"},{"description":"Gemeente","zipCode":3720,"Name_Fr":"Kortessem","Name_En":"Kortessem","Name_Nd":"Kortessem"},{"description":"Gemeente","zipCode":3620,"Name_Fr":"Lanaken","Name_En":"Lanaken","Name_Nd":"Lanaken"},{"description":"Gemeente","zipCode":3630,"Name_Fr":"Maasmechelen","Name_En":"Maasmechelen","Name_Nd":"Maasmechelen"},{"description":"Gemeente","zipCode":3770,"Name_Fr":"Riemst","Name_En":"Riemst","Name_Nd":"Riemst"},{"description":"Gemeente","zipCode":3700,"Name_Fr":"Tongres","Name_En":"Tongeren","Name_Nd":"Tongeren"},{"description":"Gemeente","zipCode":3790,"Name_Fr":"Fourons","Name_En":"Voeren","Name_Nd":"Voeren"},{"description":"Gemeente","zipCode":3830,"Name_Fr":"Wellen","Name_En":"Wellen","Name_Nd":"Wellen"},{"description":"Gemeente","zipCode":9300,"Name_Fr":"Alost","Name_En":"Aalst","Name_Nd":"Aalst"},{"description":"Gemeente","zipCode":9470,"Name_Fr":"Denderleeuw","Name_En":"Denderleeuw","Name_Nd":"Denderleeuw"},{"description":"Gemeente","zipCode":9420,"Name_Fr":"Erpe-Mere","Name_En":"Erpe-Mere","Name_Nd":"Erpe-Mere"},{"description":"Gemeente","zipCode":9500,"Name_Fr":"Grammont","Name_En":"Geraardsbergen","Name_Nd":"Geraardsbergen"},{"description":"Gemeente","zipCode":9450,"Name_Fr":"Haaltert","Name_En":"Haaltert","Name_Nd":"Haaltert"},{"description":"Gemeente","zipCode":9550,"Name_Fr":"Herzele","Name_En":"Herzele","Name_Nd":"Herzele"},{"description":"Gemeente","zipCode":9340,"Name_Fr":"Lede","Name_En":"Lede","Name_Nd":"Lede"},{"description":"Gemeente","zipCode":9400,"Name_Fr":"Ninove","Name_En":"Ninove","Name_Nd":"Ninove"},{"description":"Gemeente","zipCode":9520,"Name_Fr":"Hautem-Saint-Liévin","Name_En":"Sint-Lievens-Houtem","Name_Nd":"Sint-Lievens-Houtem"},{"description":"Gemeente","zipCode":9620,"Name_Fr":"Zottegem","Name_En":"Zottegem","Name_Nd":"Zottegem"},{"description":"Gemeente","zipCode":9290,"Name_Fr":"Berlare","Name_En":"Berlare","Name_Nd":"Berlare"},{"description":"Gemeente","zipCode":9255,"Name_Fr":"Buggenhout","Name_En":"Buggenhout","Name_Nd":"Buggenhout"},{"description":"Gemeente","zipCode":9200,"Name_Fr":"Termonde","Name_En":"Dendermonde","Name_Nd":"Dendermonde"},{"description":"Gemeente","zipCode":9220,"Name_Fr":"Hamme","Name_En":"Hamme","Name_Nd":"Hamme"},{"description":"Gemeente","zipCode":9270,"Name_Fr":"Laarne","Name_En":"Laarne","Name_Nd":"Laarne"},{"description":"Gemeente","zipCode":9280,"Name_Fr":"Lebbeke","Name_En":"Lebbeke","Name_Nd":"Lebbeke"},{"description":"Gemeente","zipCode":9250,"Name_Fr":"Waasmunster","Name_En":"Waasmunster","Name_Nd":"Waasmunster"},{"description":"Gemeente","zipCode":9230,"Name_Fr":"Wetteren","Name_En":"Wetteren","Name_Nd":"Wetteren"},{"description":"Gemeente","zipCode":9260,"Name_Fr":"Wichelen","Name_En":"Wichelen","Name_Nd":"Wichelen"},{"description":"Gemeente","zipCode":9240,"Name_Fr":"Zele","Name_En":"Zele","Name_Nd":"Zele"},{"description":"Gemeente","zipCode":9960,"Name_Fr":"Assenede","Name_En":"Assenede","Name_Nd":"Assenede"},{"description":"Gemeente","zipCode":9900,"Name_Fr":"Eeklo","Name_En":"Eeklo","Name_Nd":"Eeklo"},{"description":"Gemeente","zipCode":9970,"Name_Fr":"Kaprijke","Name_En":"Kaprijke","Name_Nd":"Kaprijke"},{"description":"Gemeente","zipCode":9990,"Name_Fr":"Maldegem","Name_En":"Maldegem","Name_Nd":"Maldegem"},{"description":"Gemeente","zipCode":9980,"Name_Fr":"Saint-Laurent","Name_En":"Saint-Laurent","Name_Nd":"Saint-Laurent"},{"description":"Gemeente","zipCode":9060,"Name_Fr":"Zelzate","Name_En":"Zelzate","Name_Nd":"Zelzate"},{"description":"Gemeente","zipCode":9880,"Name_Fr":"Aalter","Name_En":"Aalter","Name_Nd":"Aalter"},{"description":"Gemeente","zipCode":9840,"Name_Fr":"De Pinte","Name_En":"De Pinte","Name_Nd":"De Pinte"},{"description":"Gemeente","zipCode":9800,"Name_Fr":"Deinze","Name_En":"Deinze","Name_Nd":"Deinze"},{"description":"Gemeente","zipCode":9070,"Name_Fr":"Destelbergen","Name_En":"Destelbergen","Name_Nd":"Destelbergen"},{"description":"Gemeente","zipCode":9940,"Name_Fr":"Evergem","Name_En":"Evergem","Name_Nd":"Evergem"},{"description":"Gemeente","zipCode":9890,"Name_Fr":"Gavere","Name_En":"Gavere","Name_Nd":"Gavere"},{"description":"Gemeente","zipCode":9000,"Name_Fr":"Gand","Name_En":"Ghent","Name_Nd":"Ghent"},{"description":"Gemeente","zipCode":9910,"Name_Fr":"Knesselare","Name_En":"Knesselare","Name_Nd":"Knesselare"},{"description":"Gemeente","zipCode":9080,"Name_Fr":"Lochristi","Name_En":"Lochristi","Name_Nd":"Lochristi"},{"description":"Gemeente","zipCode":9920,"Name_Fr":"Lovendegem","Name_En":"Lovendegem","Name_Nd":"Lovendegem"},{"description":"Gemeente","zipCode":9090,"Name_Fr":"Melle","Name_En":"Melle","Name_Nd":"Melle"},{"description":"Gemeente","zipCode":9820,"Name_Fr":"Merelbeke","Name_En":"Merelbeke","Name_Nd":"Merelbeke"},{"description":"Gemeente","zipCode":9500,"Name_Fr":"Moerbeke-Waas","Name_En":"Moerbeke-Waas","Name_Nd":"Moerbeke-Waas"},{"description":"Gemeente","zipCode":9810,"Name_Fr":"Nazareth","Name_En":"Nazareth","Name_Nd":"Nazareth"},{"description":"Gemeente","zipCode":9850,"Name_Fr":"Nevele","Name_En":"1100","Name_Nd":"1100"},{"description":"Gemeente","zipCode":9860,"Name_Fr":"Oosterzele","Name_En":"Oosterzele","Name_Nd":"Oosterzele"},{"description":"Gemeente","zipCode":9830,"Name_Fr":"Laethem-Saint-Martin","Name_En":"Sint-Martens-Latem","Name_Nd":"Sint-Martens-Latem"},{"description":"Gemeente","zipCode":9950,"Name_Fr":"Waarschoot","Name_En":"Waarschoot","Name_Nd":"Waarschoot"},{"description":"Gemeente","zipCode":9185,"Name_Fr":"Wachtebeke","Name_En":"Wachtebeke","Name_Nd":"Wachtebeke"},{"description":"Gemeente","zipCode":9930,"Name_Fr":"Zomergem","Name_En":"Zomergem","Name_Nd":"Zomergem"},{"description":"Gemeente","zipCode":9870,"Name_Fr":"Zulte","Name_En":"Zulte","Name_Nd":"Zulte"},{"description":"Gemeente","zipCode":33034,"Name_Fr":"Brakel","Name_En":"Brakel","Name_Nd":"Brakel"},{"description":"Gemeente","zipCode":9667,"Name_Fr":"Horebeke","Name_En":"Horebeke","Name_Nd":"Horebeke"},{"description":"Gemeente","zipCode":9690,"Name_Fr":"Kluisbergen","Name_En":"Kluisbergen","Name_Nd":"Kluisbergen"},{"description":"Gemeente","zipCode":9770,"Name_Fr":"Kruishoutem","Name_En":"Kruishoutem","Name_Nd":"Kruishoutem"},{"description":"Gemeente","zipCode":9570,"Name_Fr":"Lierde","Name_En":"Lierde","Name_Nd":"Lierde"},{"description":"Gemeente","zipCode":9680,"Name_Fr":"Markedal","Name_En":"Maarkedal","Name_Nd":"Maarkedal"},{"description":"Gemeente","zipCode":9700,"Name_Fr":"Audenarde","Name_En":"Oudenaarde","Name_Nd":"Oudenaarde"},{"description":"Gemeente","zipCode":9600,"Name_Fr":"Renaix","Name_En":"Ronse","Name_Nd":"Ronse"},{"description":"Gemeente","zipCode":9790,"Name_Fr":"Wortegem-Petegem","Name_En":"Wortegem-Petegem","Name_Nd":"Wortegem-Petegem"},{"description":"Gemeente","zipCode":9750,"Name_Fr":"Zingem","Name_En":"Zingem","Name_Nd":"Zingem"},{"description":"Gemeente","zipCode":9630,"Name_Fr":"Zwalm","Name_En":"Zwalm","Name_Nd":"Zwalm"},{"description":"Gemeente","zipCode":9120,"Name_Fr":"Beveren","Name_En":"Beveren","Name_Nd":"Beveren"},{"description":"Gemeente","zipCode":9150,"Name_Fr":"Kruibeke","Name_En":"Kruibeke","Name_Nd":"Kruibeke"},{"description":"Gemeente","zipCode":9160,"Name_Fr":"Lokeren","Name_En":"Lokeren","Name_Nd":"Lokeren"},{"description":"Gemeente","zipCode":9170,"Name_Fr":"Saint-Gilles-Waes","Name_En":"Sint-Gillis-Waas","Name_Nd":"Sint-Gillis-Waas"},{"description":"Gemeente","zipCode":9111,"Name_Fr":"Saint-Nicolas","Name_En":"Sint-Niklaas","Name_Nd":"Sint-Niklaas"},{"description":"Gemeente","zipCode":9190,"Name_Fr":"Stekene","Name_En":"Stekene","Name_Nd":"Stekene"},{"description":"Gemeente","zipCode":9140,"Name_Fr":"Tamse","Name_En":"Tamse","Name_Nd":"Tamse"},{"description":"Gemeente","zipCode":1790,"Name_Fr":"Affligem","Name_En":"Affligem","Name_Nd":"Affligem"},{"description":"Gemeente","zipCode":1730,"Name_Fr":"Asse","Name_En":"Asse","Name_Nd":"Asse"},{"description":"Gemeente","zipCode":1650,"Name_Fr":"Beersel","Name_En":"Beersel","Name_Nd":"Beersel"},{"description":"Gemeente","zipCode":1547,"Name_Fr":"Biévène","Name_En":"Bever","Name_Nd":"Bever"},{"description":"Gemeente","zipCode":1700,"Name_Fr":"Dilbeek","Name_En":"Dilbeek","Name_Nd":"Dilbeek"},{"description":"Gemeente","zipCode":1620,"Name_Fr":"Drogenbos","Name_En":"Drogenbos","Name_Nd":"Drogenbos"},{"description":"Gemeente","zipCode":1570,"Name_Fr":"Gammerages","Name_En":"Galmaarden","Name_Nd":"Galmaarden"},{"description":"Gemeente","zipCode":1755,"Name_Fr":"Gooik","Name_En":"Gooik","Name_Nd":"Gooik"},{"description":"Gemeente","zipCode":1850,"Name_Fr":"Grimbergen","Name_En":"Grimbergen","Name_Nd":"Grimbergen"},{"description":"Gemeente","zipCode":1500,"Name_Fr":"Halle","Name_En":"Halle (Saale)","Name_Nd":"Halle (Saale)"},{"description":"Gemeente","zipCode":1540,"Name_Fr":"Hérinnes","Name_En":"Hérinnes","Name_Nd":"Hérinnes"},{"description":"Gemeente","zipCode":1560,"Name_Fr":"Hoeilaart","Name_En":"Hoeilaart","Name_Nd":"Hoeilaart"},{"description":"Gemeente","zipCode":1910,"Name_Fr":"Kampenhout","Name_En":"Kampenhout","Name_Nd":"Kampenhout"},{"description":"Gemeente","zipCode":1880,"Name_Fr":"Kapelle-op-den-Bos","Name_En":"Kapelle-op-den-Bos","Name_Nd":"Kapelle-op-den-Bos"},{"description":"Gemeente","zipCode":1950,"Name_Fr":"Kraainem","Name_En":"Kraainem","Name_Nd":"Kraainem"},{"description":"Gemeente","zipCode":1750,"Name_Fr":"Lennik","Name_En":"Lennik","Name_Nd":"Lennik"},{"description":"Gemeente","zipCode":1770,"Name_Fr":"Liedekerke","Name_En":"Liedekerke","Name_Nd":"Liedekerke"},{"description":"Gemeente","zipCode":1630,"Name_Fr":"Linkebeek","Name_En":"Linkebeek","Name_Nd":"Linkebeek"},{"description":"Gemeente","zipCode":1840,"Name_Fr":"Londerzeel","Name_En":"Londerzeel","Name_Nd":"Londerzeel"},{"description":"Gemeente","zipCode":1830,"Name_Fr":"Machelen","Name_En":"Machelen","Name_Nd":"Machelen"},{"description":"Gemeente","zipCode":1860,"Name_Fr":"Meise","Name_En":"Meise","Name_Nd":"Meise"},{"description":"Gemeente","zipCode":1785,"Name_Fr":"Merchtem","Name_En":"Merchtem","Name_Nd":"Merchtem"},{"description":"Gemeente","zipCode":1745,"Name_Fr":"Opwijk","Name_En":"Opwijk","Name_Nd":"Opwijk"},{"description":"Gemeente","zipCode":3090,"Name_Fr":"Overijse","Name_En":"Overijse","Name_Nd":"Overijse"},{"description":"Gemeente","zipCode":1670,"Name_Fr":"Pepingen","Name_En":"Pepingen","Name_Nd":"Pepingen"},{"description":"Gemeente","zipCode":1760,"Name_Fr":"Roosdaal","Name_En":"Roosdaal","Name_Nd":"Roosdaal"},{"description":"Gemeente","zipCode":1640,"Name_Fr":"Rhode-Saint-Genèse","Name_En":"Sint-Genesius-Rode","Name_Nd":"Sint-Genesius-Rode"},{"description":"Gemeente","zipCode":1602,"Name_Fr":"Leeuw-Saint-Pierre","Name_En":"Sint-Pieters-Leeuw","Name_Nd":"Sint-Pieters-Leeuw"},{"description":"Gemeente","zipCode":1820,"Name_Fr":"Steenokkerzeel","Name_En":"Steenokkerzeel","Name_Nd":"Steenokkerzeel"},{"description":"Gemeente","zipCode":1740,"Name_Fr":"Ternat","Name_En":"Ternat","Name_Nd":"Ternat"},{"description":"Gemeente","zipCode":1800,"Name_Fr":"Vilvorde","Name_En":"Vilvoorde","Name_Nd":"Vilvoorde"},{"description":"Gemeente","zipCode":1780,"Name_Fr":"Wemmel","Name_En":"Wemmel","Name_Nd":"Wemmel"},{"description":"Gemeente","zipCode":1970,"Name_Fr":"Wezembeek-Oppem","Name_En":"Wezembeek-Oppem","Name_Nd":"Wezembeek-Oppem"},{"description":"Gemeente","zipCode":1930,"Name_Fr":"Zaventem","Name_En":"Zaventem","Name_Nd":"Zaventem"},{"description":"Gemeente","zipCode":1980,"Name_Fr":"Zemst","Name_En":"Zemst","Name_Nd":"Zemst"},{"description":"Gemeente","zipCode":3200,"Name_Fr":"Aarschot","Name_En":"Aarschot","Name_Nd":"Aarschot"},{"description":"Gemeente","zipCode":3130,"Name_Fr":"Begijnendijk","Name_En":"Begijnendijk","Name_Nd":"Begijnendijk"},{"description":"Gemeente","zipCode":3460,"Name_Fr":"Bekkevoort","Name_En":"Bekkevoort","Name_Nd":"Bekkevoort"},{"description":"Gemeente","zipCode":3060,"Name_Fr":"Bertem","Name_En":"Bertem","Name_Nd":"Bertem"},{"description":"Gemeente","zipCode":3360,"Name_Fr":"Bierbeek","Name_En":"Bierbeek","Name_Nd":"Bierbeek"},{"description":"Gemeente","zipCode":3190,"Name_Fr":"Boortmeerbeek","Name_En":"Boortmeerbeek","Name_Nd":"Boortmeerbeek"},{"description":"Gemeente","zipCode":3370,"Name_Fr":"Boutersem","Name_En":"Boutersem","Name_Nd":"Boutersem"},{"description":"Gemeente","zipCode":3290,"Name_Fr":"Diest","Name_En":"Diest","Name_Nd":"Diest"},{"description":"Gemeente","zipCode":3450,"Name_Fr":"Geetbets","Name_En":"Geetbets","Name_Nd":"Geetbets"},{"description":"Gemeente","zipCode":3380,"Name_Fr":"Glabbeek","Name_En":"Glabbeek","Name_Nd":"Glabbeek"},{"description":"Gemeente","zipCode":3150,"Name_Fr":"Haacht","Name_En":"Haacht","Name_Nd":"Haacht"},{"description":"Gemeente","zipCode":3020,"Name_Fr":"Herent","Name_En":"Herent","Name_Nd":"Herent"},{"description":"Gemeente","zipCode":3320,"Name_Fr":"Hougaerde","Name_En":"Hoegaarden","Name_Nd":"Hoegaarden"},{"description":"Gemeente","zipCode":3220,"Name_Fr":"Holsbeek","Name_En":"Holsbeek","Name_Nd":"Holsbeek"},{"description":"Gemeente","zipCode":3040,"Name_Fr":"Huldenberg","Name_En":"Huldenberg","Name_Nd":"Huldenberg"},{"description":"Gemeente","zipCode":3140,"Name_Fr":"Keerbergen","Name_En":"Keerbergen","Name_Nd":"Keerbergen"},{"description":"Gemeente","zipCode":3470,"Name_Fr":"Kortenaken","Name_En":"Kortenaken","Name_Nd":"Kortenaken"},{"description":"Gemeente","zipCode":3070,"Name_Fr":"Kortenberg","Name_En":"Kortenberg","Name_Nd":"Kortenberg"},{"description":"Gemeente","zipCode":3400,"Name_Fr":"Landen","Name_En":"Landen","Name_Nd":"Landen"},{"description":"Gemeente","zipCode":3000,"Name_Fr":"Louvain","Name_En":"Leuven","Name_Nd":"Leuven"},{"description":"Gemeente","zipCode":3350,"Name_Fr":"Linter","Name_En":"Linter","Name_Nd":"Linter"},{"description":"Gemeente","zipCode":3210,"Name_Fr":"Lubbeek","Name_En":"Lubbeek","Name_Nd":"Lubbeek"},{"description":"Gemeente","zipCode":3053,"Name_Fr":"Oud-Heverlee","Name_En":"Oud-Heverlee","Name_Nd":"Oud-Heverlee"},{"description":"Gemeente","zipCode":3110,"Name_Fr":"Rotselaar","Name_En":"Rotselaar","Name_Nd":"Rotselaar"},{"description":"Gemeente","zipCode":3271,"Name_Fr":"Montaigu-Zichem","Name_En":"Scherpenheuvel-Zichem","Name_Nd":"Scherpenheuvel-Zichem"},{"description":"Gemeente","zipCode":3080,"Name_Fr":"Tervuren","Name_En":"Tervuren","Name_Nd":"Tervuren"},{"description":"Gemeente","zipCode":3391,"Name_Fr":"Tielt-Winge","Name_En":"Tielt-Winge","Name_Nd":"Tielt-Winge"},{"description":"Gemeente","zipCode":3300,"Name_Fr":"Tirlemont","Name_En":"Tienen","Name_Nd":"Tienen"},{"description":"Gemeente","zipCode":3120,"Name_Fr":"Tremelo","Name_En":"Tremelo","Name_Nd":"Tremelo"},{"description":"Gemeente","zipCode":3440,"Name_Fr":"Léau","Name_En":"Zoutleeuw","Name_Nd":"Zoutleeuw"},{"description":"Gemeente","zipCode":8730,"Name_Fr":"Beernem","Name_En":"Beernem","Name_Nd":"Beernem"},{"description":"Gemeente","zipCode":8370,"Name_Fr":"Blankenberge","Name_En":"Blankenberge","Name_Nd":"Blankenberge"},{"description":"Gemeente","zipCode":8000,"Name_Fr":"Bruges","Name_En":"Bruges","Name_Nd":"Bruges"},{"description":"Gemeente","zipCode":8340,"Name_Fr":"Damme","Name_En":"Damme","Name_Nd":"Damme"},{"description":"Gemeente","zipCode":8490,"Name_Fr":"Jabbeke","Name_En":"Jabbeke","Name_Nd":"Jabbeke"},{"description":"Gemeente","zipCode":8300,"Name_Fr":"Knocke-Heist","Name_En":"Knokke-Heist","Name_Nd":"Knokke-Heist"},{"description":"Gemeente","zipCode":8020,"Name_Fr":"Oostkamp","Name_En":"Oostkamp","Name_Nd":"Oostkamp"},{"description":"Gemeente","zipCode":8820,"Name_Fr":"Torhout","Name_En":"Torhout","Name_Nd":"Torhout"},{"description":"Gemeente","zipCode":8210,"Name_Fr":"Zedelgem","Name_En":"Zedelgem","Name_Nd":"Zedelgem"},{"description":"Gemeente","zipCode":8377,"Name_Fr":"Zuienkerke","Name_En":"Zuienkerke","Name_Nd":"Zuienkerke"},{"description":"Gemeente","zipCode":8600,"Name_Fr":"Dixmude","Name_En":"Diksmuide","Name_Nd":"Diksmuide"},{"description":"Gemeente","zipCode":"8650","Name_Fr":"Houthulst","Name_En":"Houthulst","Name_Nd":"Houthulst"},{"description":"Gemeente","zipCode":8680,"Name_Fr":"Koekelare","Name_En":"Koekelare","Name_Nd":"Koekelare"},{"description":"Gemeente","zipCode":8610,"Name_Fr":"Kortemark","Name_En":"Kortemark","Name_Nd":"Kortemark"},{"description":"Gemeente","zipCode":8647,"Name_Fr":"Lo-Reninge","Name_En":"Lo-Reninge","Name_Nd":"Lo-Reninge"},{"description":"Gemeente","zipCode":8950,"Name_Fr":"Heuvelland","Name_En":"Heuvelland","Name_Nd":"Heuvelland"},{"description":"Gemeente","zipCode":8900,"Name_Fr":"Ypres","Name_En":"Ypres","Name_Nd":"Ypres"},{"description":"Gemeente","zipCode":8920,"Name_Fr":"Langemark-Poelkapelle","Name_En":"Langemark-Poelkapelle","Name_Nd":"Langemark-Poelkapelle"},{"description":"Gemeente","zipCode":8970,"Name_Fr":"Poperinge","Name_En":"Poperinge","Name_Nd":"Poperinge"},{"description":"Gemeente","zipCode":8640,"Name_Fr":"Vleteren","Name_En":"Vleteren","Name_Nd":"Vleteren"},{"description":"Gemeente","zipCode":8940,"Name_Fr":"Wervik","Name_En":"Wervik","Name_Nd":"Wervik"},{"description":"Gemeente","zipCode":8980,"Name_Fr":"Zonnebeke","Name_En":"Zonnebeke","Name_Nd":"Zonnebeke"},{"description":"Gemeente","zipCode":8570,"Name_Fr":"Anzegem","Name_En":"Anzegem","Name_Nd":"Anzegem"},{"description":"Gemeente","zipCode":8580,"Name_Fr":"Avelgem","Name_En":"Avelgem","Name_Nd":"Avelgem"},{"description":"Gemeente","zipCode":8540,"Name_Fr":"Deerlijk","Name_En":"Deerlijk","Name_Nd":"Deerlijk"},{"description":"Gemeente","zipCode":8530,"Name_Fr":"Harelbeke","Name_En":"Harelbeke","Name_Nd":"Harelbeke"},{"description":"Gemeente","zipCode":8500,"Name_Fr":"Courtrai","Name_En":"Kortrijk","Name_Nd":"Kortrijk"},{"description":"Gemeente","zipCode":8520,"Name_Fr":"Kuurne","Name_En":"Kuurne","Name_Nd":"Kuurne"},{"description":"Gemeente","zipCode":8860,"Name_Fr":"Lendelede","Name_En":"Lendelede","Name_Nd":"Lendelede"},{"description":"Gemeente","zipCode":8930,"Name_Fr":"Menin","Name_En":"Menen","Name_Nd":"Menen"},{"description":"Commune","zipCode":8587,"Name_Fr":"Espierres-Helchin","Name_En":"Spiere-Helkijn","Name_Nd":"Spiere-Helkijn"},{"description":"Gemeente","zipCode":8790,"Name_Fr":"Waregem","Name_En":"Waregem","Name_Nd":"Waregem"},{"description":"Gemeente","zipCode":8560,"Name_Fr":"Wevelgem","Name_En":"Wevelgem","Name_Nd":"Wevelgem"},{"description":"Gemeente","zipCode":8550,"Name_Fr":"Zwevegem","Name_En":"Zwevegem","Name_Nd":"Zwevegem"},{"description":"Gemeente","zipCode":8450,"Name_Fr":"Bredene","Name_En":"Bredene","Name_Nd":"Bredene"},{"description":"Gemeente","zipCode":8420,"Name_Fr":"Le Coq","Name_En":"De Haan","Name_Nd":"De Haan"},{"description":"Gemeente","zipCode":8470,"Name_Fr":"Gistel","Name_En":"Gistel","Name_Nd":"Gistel"},{"description":"Gemeente","zipCode":8480,"Name_Fr":"Ichtegem","Name_En":"Ichtegem","Name_Nd":"Ichtegem"},{"description":"Gemeente","zipCode":8430,"Name_Fr":"Middelkerke","Name_En":"Middelkerke","Name_Nd":"Middelkerke"},{"description":"Gemeente","zipCode":8400,"Name_Fr":"Ostende","Name_En":"Ostend","Name_Nd":"Ostend"},{"description":"Gemeente","zipCode":8460,"Name_Fr":"Oudenburg","Name_En":"Oudenburg","Name_Nd":"Oudenburg"},{"description":"Gemeente","zipCode":8830,"Name_Fr":"Hooglede","Name_En":"Hooglede","Name_Nd":"Hooglede"},{"description":"Gemeente","zipCode":8770,"Name_Fr":"Ingelmunster","Name_En":"Ingelmunster","Name_Nd":"Ingelmunster"},{"description":"Gemeente","zipCode":8870,"Name_Fr":"Izegem","Name_En":"Izegem","Name_Nd":"Izegem"},{"description":"Gemeente","zipCode":8880,"Name_Fr":"Ledegem","Name_En":"Ledegem","Name_Nd":"Ledegem"},{"description":"Gemeente","zipCode":8810,"Name_Fr":"Lichtervelde","Name_En":"Lichtervelde","Name_Nd":"Lichtervelde"},{"description":"Gemeente","zipCode":8890,"Name_Fr":"Moorslede","Name_En":"Moorslede","Name_Nd":"Moorslede"},{"description":"Gemeente","zipCode":8800,"Name_Fr":"Roulers","Name_En":"Roeselare","Name_Nd":"Roeselare"},{"description":"Gemeente","zipCode":8840,"Name_Fr":"Staden","Name_En":"Staden","Name_Nd":"Staden"},{"description":"Gemeente","zipCode":8850,"Name_Fr":"Ardooie","Name_En":"Ardooie","Name_Nd":"Ardooie"},{"description":"Gemeente","zipCode":8720,"Name_Fr":"Dentergem","Name_En":"Dentergem","Name_Nd":"Dentergem"},{"description":"Gemeente","zipCode":8760,"Name_Fr":"Meulebeke","Name_En":"Meulebeke","Name_Nd":"Meulebeke"},{"description":"Gemeente","zipCode":8780,"Name_Fr":"Oostrozebeke","Name_En":"Oostrozebeke","Name_Nd":"Oostrozebeke"},{"description":"Gemeente","zipCode":8740,"Name_Fr":"Pittem","Name_En":"Pittem","Name_Nd":"Pittem"},{"description":"Gemeente","zipCode":8755,"Name_Fr":"Ruiselede","Name_En":"Ruiselede","Name_Nd":"Ruiselede"},{"description":"Gemeente","zipCode":8700,"Name_Fr":"Tielt","Name_En":"Tielt","Name_Nd":"Tielt"},{"description":"Gemeente","zipCode":8710,"Name_Fr":"Wielsbeke","Name_En":"Wielsbeke","Name_Nd":"Wielsbeke"},{"description":"Gemeente","zipCode":8750,"Name_Fr":"Wingene","Name_En":"Wingene","Name_Nd":"Wingene"},{"description":"Gemeente","zipCode":8690,"Name_Fr":"Alveringem","Name_En":"Alveringem","Name_Nd":"Alveringem"},{"description":"Gemeente","zipCode":8660,"Name_Fr":"La Panne","Name_En":"De Panne","Name_Nd":"De Panne"},{"description":"Gemeente","zipCode":8670,"Name_Fr":"Coxyde","Name_En":"Koksijde","Name_Nd":"Koksijde"},{"description":"Gemeente","zipCode":8620,"Name_Fr":"Nieuport","Name_En":"Nieuwpoort","Name_Nd":"Nieuwpoort"},{"description":"Gemeente","zipCode":8630,"Name_Fr":"Furnes","Name_En":"Veurne","Name_Nd":"Veurne"},{"description":"Commune","zipCode":1320,"Name_Fr":"Beauvechain","Name_En":"Beauvechain","Name_Nd":"Beauvechain"},{"description":"Commune","zipCode":1420,"Name_Fr":"Braine-l'Alleud","Name_En":"Braine-l'Alleud","Name_Nd":"Braine-l'Alleud"},{"description":"Commune","zipCode":1440,"Name_Fr":"Braine-le-Château","Name_En":"Braine-le-Château","Name_Nd":"Braine-le-Château"},{"description":"Commune","zipCode":1450,"Name_Fr":"Chastre","Name_En":"Chastre","Name_Nd":"Chastre"},{"description":"Commune","zipCode":1325,"Name_Fr":"Chaumont-Gistoux","Name_En":"Chaumont-Gistoux","Name_Nd":"Chaumont-Gistoux"},{"description":"Commune","zipCode":1490,"Name_Fr":"Court-St.-Étienne","Name_En":"Court-St.-Etienne","Name_Nd":"Court-St.-Etienne"},{"description":"Commune","zipCode":1470,"Name_Fr":"Genappe","Name_En":"Genappe","Name_Nd":"Genappe"},{"description":"Commune","zipCode":1390,"Name_Fr":"Grez-Doiceau","Name_En":"Grez-Doiceau","Name_Nd":"Grez-Doiceau"},{"description":"Commune","zipCode":1357,"Name_Fr":"Hélécine","Name_En":"Helecine","Name_Nd":"Helecine"},{"description":"Commune","zipCode":1315,"Name_Fr":"Incourt","Name_En":"Incourt","Name_Nd":"Incourt"},{"description":"Commune","zipCode":1460,"Name_Fr":"Ittre","Name_En":"Ittre","Name_Nd":"Ittre"},{"description":"Commune","zipCode":1370,"Name_Fr":"Jodoigne","Name_En":"Jodoigne","Name_Nd":"Jodoigne"},{"description":"Commune","zipCode":1310,"Name_Fr":"La Hulpe","Name_En":"La Hulpe","Name_Nd":"La Hulpe"},{"description":"Commune","zipCode":1380,"Name_Fr":"Lasne","Name_En":"Lasne","Name_Nd":"Lasne"},{"description":"Commune","zipCode":1435,"Name_Fr":"Mont-Saint-Guibert","Name_En":"Mont-Saint-Guibert","Name_Nd":"Mont-Saint-Guibert"},{"description":"Commune","zipCode":1400,"Name_Fr":"Nivelles","Name_En":"Nivelles","Name_Nd":"Nivelles"},{"description":"Commune","zipCode":1350,"Name_Fr":"Orp-Jauche","Name_En":"Orp-Jauche","Name_Nd":"Orp-Jauche"},{"description":"Commune","zipCode":1340,"Name_Fr":"Ottignies-Louvain-la-Neuve","Name_En":"Ottignies-Louvain-la-Neuve","Name_Nd":"Ottignies-Louvain-la-Neuve"},{"description":"Commune","zipCode":1360,"Name_Fr":"Perwez","Name_En":"Perwez","Name_Nd":"Perwez"},{"description":"Commune","zipCode":1367,"Name_Fr":"Ramillies","Name_En":"Ramillies","Name_Nd":"Ramillies"},{"description":"Commune","zipCode":1430,"Name_Fr":"Rebecq","Name_En":"Rebecq","Name_Nd":"Rebecq"},{"description":"Commune","zipCode":1330,"Name_Fr":"Rixensart","Name_En":"Rixensart","Name_Nd":"Rixensart"},{"description":"Commune","zipCode":1480,"Name_Fr":"Tubize","Name_En":"Tubize","Name_Nd":"Tubize"},{"description":"Commune","zipCode":1495,"Name_Fr":"Villers-la-Ville","Name_En":"55","Name_Nd":"55"},{"description":"Commune","zipCode":1457,"Name_Fr":"Walhain","Name_En":"Walhain","Name_Nd":"Walhain"},{"description":"Commune","zipCode":1410,"Name_Fr":"Waterloo","Name_En":"Waterloo","Name_Nd":"Waterloo"},{"description":"Commune","zipCode":1300,"Name_Fr":"Wavre","Name_En":"Wavre","Name_Nd":"Wavre"},{"description":"Commune","zipCode":7800,"Name_Fr":"Ath","Name_En":"Ath","Name_Nd":"Ath"},{"description":"Commune","zipCode":4020,"Name_Fr":"Belle-Île","Name_En":"Belle Île","Name_Nd":"Belle Île"},{"description":"Commune","zipCode":7320,"Name_Fr":"Bernissart","Name_En":"Bernissart","Name_Nd":"Bernissart"},{"description":"Commune","zipCode":7940,"Name_Fr":"Brugelette","Name_En":"Brugelette","Name_Nd":"Brugelette"},{"description":"Commune","zipCode":7950,"Name_Fr":"Chièvres","Name_En":"Chievres","Name_Nd":"Chievres"},{"description":"Commune","zipCode":7890,"Name_Fr":"Ellezelles","Name_En":"Ellezelles","Name_Nd":"Ellezelles"},{"description":"Commune","zipCode":7880,"Name_Fr":"Flobecq","Name_En":"Flobecq","Name_Nd":"Flobecq"},{"description":"Commune","zipCode":7910,"Name_Fr":"Frasnes-lez-Anvaing","Name_En":"Frasnes-lez-Anvaing","Name_Nd":"Frasnes-lez-Anvaing"},{"description":"Commune","zipCode":6250,"Name_Fr":"Aiseau-Presles","Name_En":"Aiseau-Presles","Name_Nd":"Aiseau-Presles"},{"description":"Commune","zipCode":6200,"Name_Fr":"Châtelet","Name_En":"Châtelet","Name_Nd":"Châtelet"},{"description":"Commune","zipCode":7160,"Name_Fr":"Chapelle-lez-Herlaimont","Name_En":"Chapelle-lez-Herlaimont","Name_Nd":"Chapelle-lez-Herlaimont"},{"description":"Commune","zipCode":6000,"Name_Fr":"Charleroi","Name_En":"Charleroi","Name_Nd":"Charleroi"},{"description":"Commune","zipCode":6180,"Name_Fr":"Courcelles","Name_En":"Courcelles","Name_Nd":"Courcelles"},{"description":"Commune","zipCode":6240,"Name_Fr":"Farciennes","Name_En":"Farciennes","Name_Nd":"Farciennes"},{"description":"Commune","zipCode":6220,"Name_Fr":"Fleurus","Name_En":"Fleurus","Name_Nd":"Fleurus"},{"description":"Commune","zipCode":6140,"Name_Fr":"Fontaine-l'Évêque","Name_En":"Fontaine-l'Eveque","Name_Nd":"Fontaine-l'Eveque"},{"description":"Commune","zipCode":6280,"Name_Fr":"Gerpinnes","Name_En":"Gerpinnes","Name_Nd":"Gerpinnes"},{"description":"Commune","zipCode":6210,"Name_Fr":"Les Bons Villers","Name_En":"Les Bons Villers","Name_Nd":"Les Bons Villers"},{"description":"Commune","zipCode":7170,"Name_Fr":"Manage","Name_En":"Manage","Name_Nd":"Manage"},{"description":"Commune","zipCode":6110,"Name_Fr":"Montigny-le-Tilleul","Name_En":"Montigny-le-Tilleul","Name_Nd":"Montigny-le-Tilleul"},{"description":"Commune","zipCode":6230,"Name_Fr":"Pont-à-Celles","Name_En":"Pont-a-Celles","Name_Nd":"Pont-a-Celles"},{"description":"Commune","zipCode":7180,"Name_Fr":"Seneffe","Name_En":"Seneffe","Name_Nd":"Seneffe"},{"description":"Commune","zipCode":7780,"Name_Fr":"Comines-Warneton","Name_En":"Comines-Warneton","Name_Nd":"Comines-Warneton"},{"description":"Gemeente","zipCode":8957,"Name_Fr":"Messines","Name_En":"Mesen","Name_Nd":"Mesen"},{"description":"Commune","zipCode":7700,"Name_Fr":"Mouscron","Name_En":"Mouscron","Name_Nd":"Mouscron"},{"description":"Commune","zipCode":7300,"Name_Fr":"Boussu","Name_En":"Boussu","Name_Nd":"Boussu"},{"description":"Commune","zipCode":7340,"Name_Fr":"Colfontaine","Name_En":"Colfontaine","Name_Nd":"Colfontaine"},{"description":"Commune","zipCode":7370,"Name_Fr":"Dour","Name_En":"Dour","Name_Nd":"Dour"},{"description":"Commune","zipCode":7080,"Name_Fr":"Frameries","Name_En":"Frameries","Name_Nd":"Frameries"},{"description":"Commune","zipCode":7350,"Name_Fr":"Hensies","Name_En":"Hensies","Name_Nd":"Hensies"},{"description":"Commune","zipCode":7387,"Name_Fr":"Honnelles","Name_En":"Honnelles","Name_Nd":"Honnelles"},{"description":"Commune","zipCode":7050,"Name_Fr":"Jurbise","Name_En":"Jurbise","Name_Nd":"Jurbise"},{"description":"Commune","zipCode":7870,"Name_Fr":"Lens","Name_En":"Lens","Name_Nd":"Lens"},{"description":"Commune","zipCode":7000,"Name_Fr":"Mons","Name_En":"Mons","Name_Nd":"Mons"},{"description":"Commune","zipCode":7040,"Name_Fr":"Quévy","Name_En":"Quevy","Name_Nd":"Quevy"},{"description":"Commune","zipCode":7390,"Name_Fr":"Quaregnon","Name_En":"Quaregnon","Name_Nd":"Quaregnon"},{"description":"Commune","zipCode":7380,"Name_Fr":"Quiévrain","Name_En":"Quievrain","Name_Nd":"Quievrain"},{"description":"Commune","zipCode":7330,"Name_Fr":"Saint-Ghislain","Name_En":"Saint-Ghislain","Name_Nd":"Saint-Ghislain"},{"description":"Commune","zipCode":7190,"Name_Fr":"Écaussinnes","Name_En":"Ecaussinnes","Name_Nd":"Ecaussinnes"},{"description":"Commune","zipCode":7090,"Name_Fr":"Braine-le-Comte","Name_En":"Braine-le-Comte","Name_Nd":"Braine-le-Comte"},{"description":"Commune","zipCode":7850,"Name_Fr":"Enghien","Name_En":"Enghien","Name_Nd":"Enghien"},{"description":"Commune","zipCode":7100,"Name_Fr":"La Louvière","Name_En":"La Louvière","Name_Nd":"La Louvière"},{"description":"Commune","zipCode":5070,"Name_Fr":"668","Name_En":"State Route 668","Name_Nd":"State Route 668"},{"description":"Commune","zipCode":7860,"Name_Fr":"Lessines","Name_En":"Lessines","Name_Nd":"Lessines"},{"description":"Commune","zipCode":7830,"Name_Fr":"Silly","Name_En":"40","Name_Nd":"Silly"},{"description":"Commune","zipCode":7060,"Name_Fr":"Soignies","Name_En":"Soignies","Name_Nd":"Soignies"},{"description":"Commune","zipCode":6150,"Name_Fr":"Anderlues","Name_En":"Anderlues","Name_Nd":"Anderlues"},{"description":"Commune","zipCode":6500,"Name_Fr":"Beaumont","Name_En":"Beaumont","Name_Nd":"Beaumont"},{"description":"Commune","zipCode":7130,"Name_Fr":"Binche","Name_En":"Binche","Name_Nd":"Binche"},{"description":"Commune","zipCode":6460,"Name_Fr":"Chimay","Name_En":"Chimay","Name_Nd":"Chimay"},{"description":"Commune","zipCode":6560,"Name_Fr":"Erquelinnes","Name_En":"Erquelinnes","Name_Nd":"Erquelinnes"},{"description":"Commune","zipCode":7120,"Name_Fr":"Estinnes","Name_En":"Estinnes","Name_Nd":"Estinnes"},{"description":"Commune","zipCode":6440,"Name_Fr":"Froidchapelle","Name_En":"Froidchapelle","Name_Nd":"Froidchapelle"},{"description":"Commune","zipCode":6120,"Name_Fr":"Ham-sur-Heure-Nalinnes","Name_En":"Ham-sur-Heure-Nalinnes","Name_Nd":"Ham-sur-Heure-Nalinnes"},{"description":"Commune","zipCode":6540,"Name_Fr":"Lobbes","Name_En":"Lobbes","Name_Nd":"Lobbes"},{"description":"Commune","zipCode":6567,"Name_Fr":"Merbes-le-Château","Name_En":"Merbes-le-Château","Name_Nd":"Merbes-le-Château"},{"description":"Commune","zipCode":6590,"Name_Fr":"Momignies","Name_En":"Momignies","Name_Nd":"Momignies"},{"description":"Commune","zipCode":7140,"Name_Fr":"Morlanwelz","Name_En":"Morlanwelz","Name_Nd":"Morlanwelz"},{"description":"Commune","zipCode":6470,"Name_Fr":"Sivry-Rance","Name_En":"Sivry-Rance","Name_Nd":"Sivry-Rance"},{"description":"Commune","zipCode":6530,"Name_Fr":"Thuin","Name_En":"Thuin","Name_Nd":"Thuin"},{"description":"Commune","zipCode":7640,"Name_Fr":"Antoing","Name_En":"Antoing","Name_Nd":"Antoing"},{"description":"Commune","zipCode":7620,"Name_Fr":"Brunehaut","Name_En":"Brunehaut","Name_Nd":"Brunehaut"},{"description":"Commune","zipCode":7760,"Name_Fr":"Celles","Name_En":"Celles","Name_Nd":"Celles"},{"description":"Commune","zipCode":7730,"Name_Fr":"Estaimpuis","Name_En":"Estaimpuis","Name_Nd":"Estaimpuis"},{"description":"Commune","zipCode":7901,"Name_Fr":"Leuze-en-Hainaut","Name_En":"Leuze-en-Hainaut","Name_Nd":"Leuze-en-Hainaut"},{"description":"Commune","zipCode":7750,"Name_Fr":"Mont-de-l'Enclus","Name_En":"Mont-de-l'Enclus","Name_Nd":"Mont-de-l'Enclus"},{"description":"Commune","zipCode":7600,"Name_Fr":"Péruwelz","Name_En":"Peruwelz","Name_Nd":"Peruwelz"},{"description":"Commune","zipCode":7740,"Name_Fr":"Le Pecq","Name_En":"Le Pecq","Name_Nd":"Le Pecq"},{"description":"Commune","zipCode":7610,"Name_Fr":"Rumes","Name_En":"Rumes","Name_Nd":"Rumes"},{"description":"Commune","zipCode":7500,"Name_Fr":"Tournai","Name_En":"Tournai","Name_Nd":"Tournai"},{"description":"Commune","zipCode":4540,"Name_Fr":"Amay","Name_En":"Amay","Name_Nd":"Amay"},{"description":"Commune","zipCode":4160,"Name_Fr":"Anthisnes","Name_En":"Anthisnes","Name_Nd":"Anthisnes"},{"description":"Commune","zipCode":4210,"Name_Fr":"Burdinne","Name_En":"Burdinne","Name_Nd":"Burdinne"},{"description":"Commune","zipCode":4560,"Name_Fr":"Clavier","Name_En":"Clavier","Name_Nd":"Clavier"},{"description":"Commune","zipCode":4480,"Name_Fr":"Engis","Name_En":"Engis","Name_Nd":"105"},{"description":"Commune","zipCode":4190,"Name_Fr":"Ferrières-en-Brie","Name_En":"Ferrières-en-Brie","Name_Nd":"Ferrières-en-Brie"},{"description":"Commune","zipCode":4217,"Name_Fr":"Heron","Name_En":"Heron","Name_Nd":"Heron"},{"description":"Commune","zipCode":4180,"Name_Fr":"Hamoir","Name_En":"Hamoir","Name_Nd":"Hamoir"},{"description":"Commune","zipCode":4500,"Name_Fr":"Huy","Name_En":"Huy","Name_Nd":"Huy"},{"description":"Commune","zipCode":4570,"Name_Fr":"Marchin","Name_En":"Marchin","Name_Nd":"Marchin"},{"description":"Commune","zipCode":4577,"Name_Fr":"Modave","Name_En":"Modave","Name_Nd":"Modave"},{"description":"Commune","zipCode":4550,"Name_Fr":"Nandrin","Name_En":"Nandrin","Name_Nd":"Nandrin"},{"description":"Commune","zipCode":4590,"Name_Fr":"Ouffet","Name_En":"Ouffet","Name_Nd":"Ouffet"},{"description":"Commune","zipCode":4557,"Name_Fr":"Tinlot","Name_En":"Tinlot","Name_Nd":"Tinlot"},{"description":"Commune","zipCode":4537,"Name_Fr":"110","Name_En":"California 110","Name_Nd":"California 110"},{"description":"Commune","zipCode":4530,"Name_Fr":"Villers-le-Bouillet","Name_En":"Villers-le-Bouillet","Name_Nd":"Villers-le-Bouillet"},{"description":"Commune","zipCode":4520,"Name_Fr":"Wanze","Name_En":"Wanze","Name_Nd":"Wanze"},{"description":"Commune","zipCode":4430,"Name_Fr":"Ans","Name_En":"Ans","Name_Nd":"Ans"},{"description":"Commune","zipCode":4340,"Name_Fr":"Awans","Name_En":"Awans","Name_Nd":"Awans"},{"description":"Commune","zipCode":4920,"Name_Fr":"Aywaille","Name_En":"Aywaille","Name_Nd":"Aywaille"},{"description":"Commune","zipCode":4610,"Name_Fr":"Beyne-Heusay","Name_En":"Beyne-Heusay","Name_Nd":"Beyne-Heusay"},{"description":"Commune","zipCode":4690,"Name_Fr":"Bassenge","Name_En":"Bassenge","Name_Nd":"Bassenge"},{"description":"Commune","zipCode":4670,"Name_Fr":"Blégny","Name_En":"Blegny","Name_Nd":"Blegny"},{"description":"Commune","zipCode":4050,"Name_Fr":"Chaudfontaine","Name_En":"Chaudfontaine","Name_Nd":"Chaudfontaine"},{"description":"Commune","zipCode":4171,"Name_Fr":"Comblain-au-Pont","Name_En":"Comblain-au-Pont","Name_Nd":"Comblain-au-Pont"},{"description":"Commune","zipCode":4607,"Name_Fr":"Dalhem","Name_En":"Dalhem","Name_Nd":"Dalhem"},{"description":"Commune","zipCode":4130,"Name_Fr":"Esneux","Name_En":"Esneux","Name_Nd":"Esneux"},{"description":"Commune","zipCode":4400,"Name_Fr":"Flémalle","Name_En":"Flemalle","Name_Nd":"Flemalle"},{"description":"Commune","zipCode":4624,"Name_Fr":"Fléron","Name_En":"Fléron","Name_Nd":"Fléron"},{"description":"Commune","zipCode":4460,"Name_Fr":"Grâce-Hollogne","Name_En":"Grâce-Hollogne","Name_Nd":"Grâce-Hollogne"},{"description":"Commune","zipCode":4040,"Name_Fr":"Herstal","Name_En":"Herstal","Name_Nd":"Herstal"},{"description":"Commune","zipCode":4450,"Name_Fr":"Juprelle","Name_En":"Juprelle","Name_Nd":"Juprelle"},{"description":"Commune","zipCode":4000,"Name_Fr":"Liège","Name_En":"Liège","Name_Nd":"Liège"},{"description":"Commune","zipCode":4120,"Name_Fr":"Neupré","Name_En":"Neupré","Name_Nd":"Neupré"},{"description":"Commune","zipCode":4680,"Name_Fr":"Oupeye","Name_En":"Oupeye","Name_Nd":"Oupeye"},{"description":"Commune","zipCode":4420,"Name_Fr":"Saint-Nicolas","Name_En":"Sint-Niklaas","Name_Nd":"Sint-Niklaas"},{"description":"Commune","zipCode":4100,"Name_Fr":"Seraing","Name_En":"Seraing","Name_Nd":"Seraing"},{"description":"Commune","zipCode":4630,"Name_Fr":"Soumagne","Name_En":"Soumagne","Name_Nd":"Soumagne"},{"description":"Commune","zipCode":4140,"Name_Fr":"Sprimont","Name_En":"Sprimont","Name_Nd":"Sprimont"},{"description":"Commune","zipCode":4870,"Name_Fr":"Trooz","Name_En":"Trooz","Name_Nd":"Trooz"},{"description":"Commune","zipCode":4600,"Name_Fr":"Visé","Name_En":"Vise","Name_Nd":"Vise"},{"description":"Commune","zipCode":4770,"Name_Fr":"Amblève","Name_En":"Amblève","Name_Nd":"Amblève"},{"description":"Commune","zipCode":4880,"Name_Fr":"Aubel","Name_En":"Aubel","Name_Nd":"Aubel"},{"description":"Commune","zipCode":4760,"Name_Fr":"Bullange","Name_En":"Büllingen","Name_Nd":"Büllingen"},{"description":"Commune","zipCode":4750,"Name_Fr":"Butgenbach","Name_En":"Bütgenbach","Name_Nd":"Bütgenbach"},{"description":"Commune","zipCode":4837,"Name_Fr":"Baelen","Name_En":"Baelen","Name_Nd":"Baelen"},{"description":"Commune","zipCode":4790,"Name_Fr":"Burg-Reuland","Name_En":"Burg-Reuland","Name_Nd":"Burg-Reuland"},{"description":"Commune","zipCode":4820,"Name_Fr":"Dison","Name_En":"Dison","Name_Nd":"Dison"},{"description":"Commune","zipCode":4700,"Name_Fr":"Eupen","Name_En":"Eupen","Name_Nd":"Eupen"},{"description":"Commune","zipCode":4650,"Name_Fr":"Herve","Name_En":"Herve","Name_Nd":"Herve"},{"description":"Commune","zipCode":4845,"Name_Fr":"Jalhay","Name_En":"Jalhay","Name_Nd":"Jalhay"},{"description":"Commune","zipCode":4720,"Name_Fr":"La Calamine","Name_En":"Kelmis","Name_Nd":"Kelmis"},{"description":"Commune","zipCode":4990,"Name_Fr":"Lierneux","Name_En":"Lierneux","Name_Nd":"Lierneux"},{"description":"Commune","zipCode":4830,"Name_Fr":"Limbourg","Name_En":"Limbourg","Name_Nd":"Limbourg"},{"description":"Commune","zipCode":4710,"Name_Fr":"Lontzen","Name_En":"Lontzen","Name_Nd":"Lontzen"},{"description":"Commune","zipCode":4960,"Name_Fr":"Malmedy","Name_En":"Malmedy","Name_Nd":"Malmedy"},{"description":"Commune","zipCode":4877,"Name_Fr":"Olne","Name_En":"Olne","Name_Nd":"Olne"},{"description":"Commune","zipCode":4860,"Name_Fr":"Pepinster","Name_En":"Pepinster","Name_Nd":"Pepinster"},{"description":"Commune","zipCode":4850,"Name_Fr":"Plombières","Name_En":"Plombières","Name_Nd":"Plombières"},{"description":"Commune","zipCode":4730,"Name_Fr":"Raeren","Name_En":"Raeren","Name_Nd":"Raeren"},{"description":"Commune","zipCode":4780,"Name_Fr":"Saint-Vith","Name_En":"Saint Vith","Name_Nd":"Saint Vith"},{"description":"Commune","zipCode":4900,"Name_Fr":"111","Name_En":"California 111","Name_Nd":"California 111"},{"description":"Commune","zipCode":4970,"Name_Fr":"Stavelot","Name_En":"Stavelot","Name_Nd":"Stavelot"},{"description":"Commune","zipCode":4987,"Name_Fr":"Stoumont","Name_En":"Stoumont","Name_Nd":"Stoumont"},{"description":"Commune","zipCode":4910,"Name_Fr":"Theux","Name_En":"Theux","Name_Nd":"Theux"},{"description":"Commune","zipCode":4890,"Name_Fr":"Thimister-Clermont","Name_En":"Thimister-Clermont","Name_Nd":"Thimister-Clermont"},{"description":"Commune","zipCode":4980,"Name_Fr":"Trois-Ponts","Name_En":"Trois-Ponts","Name_Nd":"Trois-Ponts"},{"description":"Commune","zipCode":4800,"Name_Fr":"Verviers","Name_En":"Verviers","Name_Nd":"Verviers"},{"description":"Commune","zipCode":4950,"Name_Fr":"Waimes","Name_En":"Waimes","Name_Nd":"Waimes"},{"description":"Commune","zipCode":4840,"Name_Fr":"Welkenraedt","Name_En":"Welkenraedt","Name_Nd":"Welkenraedt"},{"description":"Commune","zipCode":4257,"Name_Fr":"Berloz","Name_En":"Berloz","Name_Nd":"Berloz"},{"description":"Commune","zipCode":4260,"Name_Fr":"Braives","Name_En":"Braives","Name_Nd":"Braives"},{"description":"Commune","zipCode":4367,"Name_Fr":"Crisnée","Name_En":"Crisnée","Name_Nd":"Crisnée"},{"description":"Commune","zipCode":4357,"Name_Fr":"Donceel","Name_En":"Donceel","Name_Nd":"Donceel"},{"description":"Commune","zipCode":4317,"Name_Fr":"Faimes","Name_En":"Faimes","Name_Nd":"Faimes"},{"description":"Commune","zipCode":4347,"Name_Fr":"Fexhe-le-Haut-Clocher","Name_En":"Fexhe-le-Haut-Clocher","Name_Nd":"Fexhe-le-Haut-Clocher"},{"description":"Commune","zipCode":4250,"Name_Fr":"Geer","Name_En":"Geer","Name_Nd":"Geer"},{"description":"Commune","zipCode":4280,"Name_Fr":"Hannut","Name_En":"Hannut","Name_Nd":"Hannut"},{"description":"Commune","zipCode":4287,"Name_Fr":"Lincent","Name_En":"Lincent","Name_Nd":"Lincent"},{"description":"Commune","zipCode":4360,"Name_Fr":"Oreye","Name_En":"Oreye","Name_Nd":"Oreye"},{"description":"Commune","zipCode":4350,"Name_Fr":"Remicourt","Name_En":"Remicourt","Name_Nd":"Remicourt"},{"description":"Commune","zipCode":4470,"Name_Fr":"Saint-Georges-sur-Meuse","Name_En":"Saint-Georges-sur-Meuse","Name_Nd":"Saint-Georges-sur-Meuse"},{"description":"Commune","zipCode":4300,"Name_Fr":"Waremme","Name_En":"Waremme","Name_Nd":"Waremme"},{"description":"Commune","zipCode":4219,"Name_Fr":"Wasseiges","Name_En":"Wasseiges","Name_Nd":"Wasseiges"},{"description":"Commune","zipCode":3890,"Name_Fr":"Gingelom","Name_En":"Gingelom","Name_Nd":"Gingelom"},{"description":"Commune","zipCode":6700,"Name_Fr":"Arlon","Name_En":"Arlon","Name_Nd":"Arlon"},{"description":"Commune","zipCode":6717,"Name_Fr":"Attert","Name_En":"Attert","Name_Nd":"Attert"},{"description":"Commune","zipCode":6790,"Name_Fr":"Aubange","Name_En":"Aubange","Name_Nd":"Aubange"},{"description":"Commune","zipCode":6630,"Name_Fr":"Martelange","Name_En":"Martelange","Name_Nd":"Martelange"},{"description":"Commune","zipCode":6780,"Name_Fr":"Messancy","Name_En":"Messancy","Name_Nd":"Messancy"},{"description":"Commune","zipCode":6600,"Name_Fr":"Bastogne","Name_En":"Bastogne","Name_Nd":"Bastogne"},{"description":"Commune","zipCode":6687,"Name_Fr":"Bertogne","Name_En":"Bertogne","Name_Nd":"Bertogne"},{"description":"Commune","zipCode":6637,"Name_Fr":"Fauvillers","Name_En":"Fauvillers","Name_Nd":"Fauvillers"},{"description":"Commune","zipCode":6670,"Name_Fr":"Gouvy","Name_En":"Gouvy","Name_Nd":"Gouvy"},{"description":"Commune","zipCode":6660,"Name_Fr":"Houffalize","Name_En":"Houffalize","Name_Nd":"Houffalize"},{"description":"Commune","zipCode":6680,"Name_Fr":"Sainte-Ode","Name_En":"Sainte-Ode","Name_Nd":"Sainte-Ode"},{"description":"Commune","zipCode":6640,"Name_Fr":"Vaux-sur-Sûre","Name_Nd":"Vaux-sur-Sûre"},{"description":"Commune","zipCode":6690,"Name_Fr":"Vielsalm","Name_En":"Vielsalm","Name_Nd":"Vielsalm"},{"description":"Commune","zipCode":6940,"Name_Fr":"Durbuy","Name_En":"Durbuy","Name_Nd":"Durbuy"},{"description":"Commune","zipCode":6997,"Name_Fr":"Érezée","Name_En":"Érezée","Name_Nd":"Érezée"},{"description":"Commune","zipCode":6990,"Name_Fr":"Hotton","Name_En":"Hotton","Name_Nd":"Hotton"},{"description":"Commune","zipCode":6980,"Name_Fr":"La Roche-en-Ardenne","Name_En":"La Roche-en-Ardenne","Name_Nd":"La Roche-en-Ardenne"},{"description":"Commune","zipCode":6960,"Name_Fr":"Manhay","Name_En":"Manhay","Name_Nd":"Manhay"},{"description":"Commune","zipCode":6900,"Name_Fr":"Marche-en-Famenne","Name_En":"Marche-en-Famenne","Name_Nd":"Marche-en-Famenne"},{"description":"Commune","zipCode":6950,"Name_Fr":"Nassogne","Name_En":"Nassogne","Name_Nd":"Nassogne"},{"description":"Commune","zipCode":6987,"Name_Fr":"Rendeux","Name_En":"Rendeux","Name_Nd":"Rendeux"},{"description":"Commune","zipCode":6970,"Name_Fr":"Tenneville","Name_En":"Tenneville","Name_Nd":"Tenneville"},{"description":"Commune","zipCode":6880,"Name_Fr":"Bertrix","Name_En":"Bertrix","Name_Nd":"Bertrix"},{"description":"Commune","zipCode":6830,"Name_Fr":"Bouillon","Name_En":"Bouillon","Name_Nd":"Bouillon"},{"description":"Commune","zipCode":6929,"Name_Fr":"Daverdisse","Name_En":"Daverdisse","Name_Nd":"Daverdisse"},{"description":"Commune","zipCode":6887,"Name_Fr":"Herbeumont","Name_En":"Herbeumont","Name_Nd":"Herbeumont"},{"description":"Commune","zipCode":6860,"Name_Fr":"Léglise","Name_En":"Léglise","Name_Nd":"Léglise"},{"description":"Commune","zipCode":6890,"Name_Fr":"Libin","Name_En":"Libin","Name_Nd":"Libin"},{"description":"Commune","zipCode":6800,"Name_Fr":"Libramont-Chevigny","Name_En":"Libramont-Chevigny","Name_Nd":"Libramont-Chevigny"},{"description":"Commune","zipCode":88300,"Name_Fr":"Neufchâteau","Name_En":"Neufchâteau","Name_Nd":"Neufchâteau"},{"description":"Commune","zipCode":6850,"Name_Fr":"Paliseul","Name_Nd":"Paliseul"},{"description":"Commune","zipCode":6870,"Name_Fr":"Saint-Hubert","Name_En":"Saint-Hubert","Name_Nd":"Saint-Hubert"},{"description":"Commune","zipCode":6927,"Name_Fr":"Tellin","Name_En":"Tellin","Name_Nd":"Tellin"},{"description":"Commune","zipCode":6920,"Name_Fr":"Wellin","Name_En":"Wellin","Name_Nd":"Wellin"},{"description":"Commune","zipCode":6810,"Name_Fr":"Chiny","Name_En":"Chiny","Name_Nd":"Chiny"},{"description":"Commune","zipCode":6740,"Name_Fr":"Étalle","Name_En":"Étalle","Name_Nd":"Étalle"},{"description":"Commune","zipCode":6820,"Name_Fr":"Florenville","Name_En":"Florenville","Name_Nd":"Florenville"},{"description":"Commune","zipCode":6720,"Name_Fr":"Habay","Name_En":"Habay","Name_Nd":"Habay"},{"description":"Commune","zipCode":6769,"Name_Fr":"Meix-devant-Virton","Name_En":"Meix-devant-Virton","Name_Nd":"Meix-devant-Virton"},{"description":"Commune","zipCode":6750,"Name_Fr":"Musson","Name_Nd":"Musson"},{"description":"Commune","zipCode":6767,"Name_Fr":"Rouvroy","Name_En":"Rouvroy","Name_Nd":"Rouvroy"},{"description":"Commune","zipCode":6747,"Name_Fr":"Saint-Léger","Name_En":"Saint-Léger","Name_Nd":"Saint-Léger"},{"description":"Commune","zipCode":6730,"Name_Fr":"Tintigny","Name_En":"Tintigny","Name_Nd":"Tintigny"},{"description":"Commune","zipCode":6760,"Name_Fr":"Virton","Name_En":"Virton","Name_Nd":"Virton"},{"description":"Commune","zipCode":5537,"Name_Fr":"Anhée","Name_Nd":"Anhee"},{"description":"Commune","zipCode":5570,"Name_Fr":"Beauraing","Name_En":"Beauraing","Name_Nd":"Beauraing"},{"description":"Commune","zipCode":5555,"Name_Fr":"La Bièvre","Name_Nd":"La Bièvre"},{"description":"Commune","zipCode":5590,"Name_Fr":"Ciney","Name_En":"Ciney","Name_Nd":"Ciney"},{"description":"Commune","zipCode":5500,"Name_Fr":"Dinant","Name_En":"Dinant","Name_Nd":"Dinant"},{"description":"Commune","zipCode":5575,"Name_Fr":"Gedinne","Name_En":"Gedinne","Name_Nd":"Gedinne"},{"description":"Commune","zipCode":5360,"Name_Fr":"Hamois","Name_En":"Hamois","Name_Nd":"Hamois"},{"description":"Commune","zipCode":5540,"Name_Fr":"Hastière","Name_En":"Hastiere","Name_Nd":"Hastiere"},{"description":"Commune","zipCode":5370,"Name_Fr":"Havelange","Name_En":"Havelange","Name_Nd":"Havelange"},{"description":"Commune","zipCode":5560,"Name_Fr":"Houyet","Name_En":"Houyet","Name_Nd":"Houyet"},{"description":"Commune","zipCode":5520,"Name_Fr":"Onhaye","Name_En":"Onhaye","Name_Nd":"Onhaye"},{"description":"Commune","zipCode":17300,"Name_Fr":"Rochefort","Name_En":"Rochefort","Name_Nd":"Rochefort"},{"description":"Commune","zipCode":5377,"Name_Fr":"Somme-Leuze","Name_En":"Somme-Leuze","Name_Nd":"Somme-Leuze"},{"description":"Commune","zipCode":5550,"Name_Fr":"Vresse-sur-Semois","Name_En":"Vresse-sur-Semois","Name_Nd":"Vresse-sur-Semois"},{"description":"Commune","zipCode":5530,"Name_Fr":"Yvoir","Name_Nd":"Yvoir"},{"description":"Commune","zipCode":5300,"Name_Fr":"Andenne","Name_En":"Andenne","Name_Nd":"Andenne"},{"description":"Commune","zipCode":5330,"Name_Fr":"Assesse","Name_En":"Assesse","Name_Nd":"Assesse"},{"description":"Commune","zipCode":5310,"Name_Fr":"Éghezée","Name_En":"Eghezee","Name_Nd":"Eghezee"},{"description":"Commune","zipCode":5380,"Name_Fr":"Fernelmont","Name_Nd":"Fernelmont"},{"description":"Commune","zipCode":5150,"Name_Fr":"Floreffe","Name_En":"Floreffe","Name_Nd":"Floreffe"},{"description":"Commune","zipCode":5070,"Name_Fr":"Fosses-la-Ville","Name_Nd":"Fosses-la-Ville"},{"description":"Commune","zipCode":5030,"Name_Fr":"Gembloux","Name_En":"Gembloux","Name_Nd":"Gembloux"},{"description":"Commune","zipCode":5340,"Name_Fr":"Gesves","Name_Nd":"Gesves"},{"description":"Commune","zipCode":5190,"Name_Fr":"Jemeppe-sur-Sambre","Name_En":"Jemeppe-sur-Sambre","Name_Nd":"Jemeppe-sur-Sambre"},{"description":"Commune","zipCode":5080,"Name_Fr":"Bruyère","Name_En":"Bruyère","Name_Nd":"Bruyère"},{"description":"Commune","zipCode":5640,"Name_Fr":"Mettet","Name_En":"Mettet","Name_Nd":"Mettet"},{"description":"Commune","zipCode":5000,"Name_Fr":"Namur","Name_En":"Namur","Name_Nd":"Namur"},{"description":"Commune","zipCode":5350,"Name_Fr":"Ohey","Name_En":"Ohey","Name_Nd":"Ohey"},{"description":"Commune","zipCode":5170,"Name_Fr":"Profondeville","Name_Nd":"Profondeville"},{"description":"Commune","zipCode":5060,"Name_Fr":"Sambreville","Name_En":"Sambreville","Name_Nd":"Sambreville"},{"description":"Commune","zipCode":5140,"Name_Fr":"Sombreffe","Name_Nd":"Sombreffe"},{"description":"Commune","zipCode":5630,"Name_Fr":"Cerfontaine","Name_En":"Cerfontaine","Name_Nd":"Cerfontaine"},{"description":"Commune","zipCode":5660,"Name_Fr":"Couvin","Name_En":"Couvin","Name_Nd":"Couvin"},{"description":"Commune","Name_Fr":"Doische","Name_En":"Doische","Name_Nd":"Doische"},{"description":"Commune","Name_Fr":"Florennes","Name_En":"Florennes","Name_Nd":"Florennes"},{"description":"Commune","Name_Fr":"Philippeville","Name_En":"Philippeville","Name_Nd":"Philippeville"},{"description":"Commune","zipCode":5670,"Name_Fr":"Viroinval","Name_En":"Viroinval","Name_Nd":"Viroinval"},{"description":"Commune","zipCode":5650,"Name_Fr":"Walcourt","Name_En":"Walcourt","Name_Nd":"Walcourt"}]